Speciesname,Total observations,Unique locations,Bodø,BelgianCoast,Galway ,Gdynia,Getxo,Koster,Laeso,Limfjord,Plymouth,Roscoff,SwedishWestCoast,TZS,Vigo,Errors
Acartia bifilosa,4326,495,383101,50172,362787,119594,286635,71342,49373,105954,158502,302960,10578,1664,726399,
Acartia clausi,3630,594,393956,10868,258004,330300,432169,66622,73819,152784,1150,183449,7381,335577,68252,
Acartia hudsonica,287,121,934489,882885,1170112,741397,1909558,108278,198852,204212,1221993,1384998,134073,805810,2192890,
Acartia longiremis,14423,4659,325641,54317,145560,119594,51858,66622,27347,55376,135085,153806,7381,16918,130622,
Acartia margalefi,6,3,2424378,984347,1232377,1091403,482051,1490897,1310972,1289733,967927,808796,1431686,1750760,5670,
Acartia tonsa,3066,489,476923,51657,339973,186674,744972,70280,73819,156881,4899,142724,9052,47452,616214,
Acrocnida brachiata,3036,1633,899578,7977,32538,498414,209897,162624,18864,137917,843,7451,104894,738120,668569,
Aeolidia papillosa,4750,4217,3988,9849,11857,459368,210802,1256,51311,17921,738,29611,6782,301781,1373,
Aetea truncata,177,123,40399,275272,173327,607749,529287,593,108546,199163,21259,179770,11472,684703,638934,
Alcyonium digitatum,31847,19295,1367,5965,214,396454,323093,62,6471,28956,719,3401,4119,683084,1043,
Aleochara obscurella,248,154,472427,56681,335315,298158,192971,3154,56827,171129,1497,2191,2038,310987,678848,
Alitta saltoni,,,,,,,,,,,,,,,,ERROR while getting the occurence data
Alitta succinea,3339,1362,1088918,27751,297344,380025,125127,154952,57180,187827,133900,99375,93711,701039,612626,
Alitta virens,4072,3249,3991,43535,246713,378340,766816,1578,49810,71864,3001,172995,2079,676868,917686,
Alvania punctura,1029,769,15400,75333,3345,417447,32870,621,6471,138568,2272,52349,9786,387209,34793,
Amathia gracilis,313,227,40399,51080,6069,493801,421910,26049,39876,166480,6654,175781,11472,684703,134161,
Amathia gracilis complex,,,,,,,,,,,,,,,,ERROR while getting the occurence data
Amathia imbricata,499,386,11949,100133,13588,385485,708813,73224,39944,172233,2898,168639,114856,708842,909311,
Amblyosyllis madeirensis,1,1,1781888,561719,355015,1493507,1204361,1091336,1038877,906639,418829,602791,1089062,1785125,1359921,
Amphiascopsis cinctus,123,69,949138,13494,811613,607663,930818,1280,114111,209457,417555,481844,9828,696844,1264880,
Amphibalanus amphitrite,1568,988,1106719,59977,335010,1001766,132352,705974,740976,633942,1065,182822,743059,1353195,176649,
Amphibalanus eburneus,584,374,2508466,674098,988051,1204164,117314,1629090,1452645,1379802,502972,339067,1573522,1582892,416114,
Amphibalanus improvisus,10210,8279,216564,45599,242832,5936,290440,593,28059,146121,35680,165330,5364,353,717995,
Amphinema dinema,37,29,1847200,12393,365712,1102674,566949,954411,820302,706410,1150,9177,921500,1562016,646838,
Amphipholis squamata,20363,11337,17864,15377,2555,417910,133719,556,6471,138568,753,1269,6511,683695,NA,
Amphiporus allucens,1,1,3522894,1729422,1650555,2727162,731125,2680480,2548686,2434715,1372999,1204185,2649898,3275863,417592,
Amphitrite figulus,62,26,797332,440045,1193162,655674,1419852,460050,301792,214184,942828,1027811,415313,894399,1799341,
Amphiura chiajei,18138,6340,19874,7977,32039,381980,372232,247,6471,52374,2126,64589,547,673572,673528,
Amphiura filiformis,39734,12926,19265,18310,31705,280224,226704,474,6471,65160,1133,7451,547,673572,1373,
Ampithoe helleri,100,30,1285017,367380,6069,1418847,443857,826085,868360,763783,184786,2484,854072,1498995,60889,
Ancula gibbosa,647,546,4002,69502,205626,451239,558914,58877,121860,158835,1511,58826,12487,707995,743526,
Anteaeolidiella lurana,32,30,3611143,2538430,3366488,2187192,2569196,2811255,2651693,2684024,2888040,2804934,2750813,2727181,3023218,
Antedon bifida,8331,5570,524901,25666,214,607355,111964,57010,99492,43706,719,1899,11156,699075,2390,
Aora gracilis,3924,3269,225101,15445,181921,442787,133719,3141,14167,138373,4165,5468,16372,696682,1373,
Aora spinicornis,211,46,1969052,497115,380332,1507149,532264,1219617,1140232,1008654,205992,53184,1208131,1898924,744989,
Aora typica,428,294,191135,27751,310336,435360,133700,214507,35281,136784,178669,39291,156265,730986,60453,
Apherusa bispinosa,3904,3258,167073,17661,165071,468587,380094,6585,35281,136784,5541,2484,11558,699244,1373,
Apherusa jurinei,461,258,234694,103142,6069,498365,448657,22629,37362,165688,2898,6449,51507,715728,1373,
Apionsoma misakianum,148,67,2603108,2192463,1340331,3030017,2378439,2449415,2490433,2377552,1824934,1934620,2479613,3097469,2160455,
Arbacia lixula,3377,1203,1678033,193141,963855,926014,417168,766800,626765,516703,680291,774464,730975,1366984,719475,
Arctica islandica,20198,11025,3969,7977,20347,63543,164414,479,6471,15230,1950,110671,547,559810,572298,
Arenicola defodiens,296,257,946776,43535,301597,543866,794849,39574,56322,182796,47506,198815,12134,700253,1001689,
Aricidea minuta,5848,4398,30774,8974,244627,389462,600486,188041,47755,66640,3281,7451,126800,709237,815319,
Ascidia ahodori,1,1,7695050,9407297,9721831,8456456,10418280,8461618,8587933,8704042,9810793,9957837,8489100,7866376,10768963,
Ascidia conchilega,1348,1110,117774,106788,13185,434937,508506,621,6471,138568,756,94437,11553,683868,733307,
Ascidia mentula,7283,5592,4002,25666,53,466094,419641,62,6471,22597,119,3401,4119,683205,3578,
Ascidia virginea,2687,2225,28107,233964,53,466430,326854,62,6471,138568,978,3401,4453,680786,711085,
Ascidiella aspersa,7445,5467,97739,59705,600,409584,106855,479,6471,138568,119,7156,5397,685330,1373,
Ascidiella scabra,6034,5095,3993,9849,214,409584,482125,247,6471,52374,119,40204,548,677585,747635,
Asterias rubens,51992,36069,4252,3208,2681,75142,133351,62,6471,6084,716,2067,4119,650797,1373,
Asterina gibbosa,3438,2249,885660,118256,214,834578,133659,347626,302690,180688,753,1961,340476,1036503,4512,
Athanas nitescens,2519,932,627299,58659,92154,497234,22660,2735,47987,151793,738,1418,7527,677527,1373,
Aurelia aurita,19351,9166,15377,16624,3737,3298,210802,659,16695,6723,819,64537,3218,179,674519,
Austrominius modestus,8353,4430,880316,43523,6069,607638,289231,72045,84340,78828,119,2417,11118,699102,10784,
Bactrocera oleae,607,226,2480764,801014,1247352,1114543,335477,1535498,1355568,1317400,755922,599106,1478477,1770601,255296,
Balanus amphitrite,280,188,2341807,491087,1015259,1361789,163070,1434385,1285331,1183485,514446,409093,1395723,1992178,650687,
Balanus balanus,4361,2958,4252,71868,214,378340,636793,479,6471,123446,823,140638,4119,375268,874946,
Balanus crenatus,10593,6797,117361,43523,214,308863,203107,593,6471,10581,611,8635,8466,663357,666512,
Balanus trigonus,1359,759,2703838,920228,1411937,1563958,412626,1758533,1586998,1515614,972112,822902,1708552,2142727,178345,
Barentsia gracilis,58,46,321146,434716,294931,551840,700829,180997,6471,138568,52219,167397,123163,754592,597791,
Bittium reticulatum,3949,2419,15829,24785,3345,78337,33840,262,35898,54871,2253,1425,548,428376,2115,
Botrylloides leachii,3851,2956,252461,67505,2341,469805,441384,659,14167,138373,119,2258,4526,685531,497870,
Botrylloides violaceus,1460,1195,1074943,46432,43607,886206,325555,300951,333026,250396,119,149270,318679,997552,414520,
Botryllus schlosseri,13124,9482,115641,23403,214,458347,106219,659,6471,37845,119,1968,4453,677527,6342,
Bougainvillia britannica,36,20,908070,416523,310513,691630,991900,364567,398156,311379,205992,389987,409884,1002621,1158999,
Bougainvillia muscus,652,428,394618,13494,16617,409061,566949,639,29573,149258,1128,1708,11156,683205,800347,
Brachidontes pharaonis,55,41,3005647,1697316,2405431,1571484,1436083,2141940,1972294,1987744,1904219,1780950,2080713,2146489,1868656,
Bugula neritina,1791,830,1608191,62464,49678,914315,132352,746589,607388,496624,119,132916,711033,1349164,144614,
Bugulina fulva,236,141,1243224,96049,291870,815612,528171,669716,520690,418745,611,143794,629852,1253790,580913,
Bulbamphiascus imus,276,166,1245312,23403,509554,671968,778587,401549,305220,173052,8166,176562,378463,1063305,966138,
Calanus finmarchicus,100000,55100,66695,21562,90772,454284,31904,66622,23297,36441,21414,20552,7381,690870,59124,
Calliopius laeviusculus,569,427,90440,103142,265581,250128,485691,5334,14167,136784,53715,54880,11432,1985,1373,
Calliostoma zizyphinum,19368,13618,110769,9849,214,488463,63620,659,6471,43706,719,1425,11156,698492,762,
Callopora lineata,1065,498,14818,102549,6069,479320,478771,603,41208,151246,2126,157880,8506,688140,869384,
Callyspongia plicifera,940,313,7475352,6818577,6050438,7888636,6227192,7446166,7432960,7302951,6307349,6275108,7461499,8133677,5740241,
Campanularia hincksii,244,175,934217,129903,249876,442787,483775,2105,28545,152452,37441,9177,9828,693590,437443,
Candelabrum cocksii,43,26,1272627,509846,416858,1425770,602804,827956,873955,771122,7011,1032,857122,1497682,812314,
Canis familiaris,23653,14642,58881,58834,567669,86755,27214,205026,77420,57077,178661,35528,162717,91319,13531,
Caprella linearis,878,581,3379,12393,179660,316764,500680,479,39586,65160,31391,33257,8017,684410,707554,
Caprella mutica,1209,790,174109,43502,67912,245510,480683,45797,106721,155148,756,59286,9283,483092,716631,
Carcinus maenas,74071,23240,2737,9849,303,116211,26801,189,6471,6340,689,1418,4408,133589,1293,
Carinina ochracea,2,2,943896,956699,1426872,668957,1983552,1545,181386,252530,1362446,1499356,62008,693408,2308988,
Cassiopea andromeda,286,242,2576431,957230,1715129,1236433,1002527,1628717,1449432,1404986,1224865,1135968,1572679,1896260,1489973,
Catriona aurantia,115,95,3998,62919,80337,470772,776415,24996,99680,81962,103563,192119,28683,708627,909311,
Cellepora pumicosa,3960,2771,459544,34210,14689,668656,201860,603,179683,149258,716,5439,60756,693251,478972,
Celleporaria brunnea,22,20,2716875,914135,1475308,1608812,544002,1775443,1606633,1529800,975511,834524,1727083,2230280,1028369,
Celleporella hyalina,2125,1164,18740,104755,15902,459927,680517,603,15696,120073,119,133515,12254,683868,867758,
Centropages hamatus,29620,11419,193237,10868,167952,119594,29245,719,15247,41028,20349,18471,7381,488,39157,
Cephalothix rufifrons,,,,,,,,,,,,,,,,ERROR while getting the occurence data
Cephalothrix filiformis,3,3,1005697,482262,395264,607757,1110416,66541,122146,211697,329000,511495,8314,689464,1287574,
Cephalothrix linearis,65,24,448966,392261,299969,1025000,777355,366104,477428,433518,102295,192532,412047,823615,910773,
Cephalothrix rufifrons,107,45,927157,118180,285336,600693,564381,4956,113008,206287,89549,54880,9571,679961,758183,
Cephalothrix simula,1,1,8110668,8914218,8140883,9367687,9208332,8701305,8838575,8783729,8641441,8767781,8757785,9026225,8917622,
Cephalothrix spiralis,60,28,4695433,4600451,3737655,5416123,4606357,4797356,4864210,4760789,4198163,4278882,4835849,5385704,4250998,
Cerastoderma edule,26161,11749,6028,24785,4039,2084,27012,474,7789,10093,753,1425,5397,27569,2390,
Cerastoderma glaucum,10423,6389,19671,24785,4376,23060,99788,854,54226,16819,106389,97934,9650,588,29919,
Cheirocratus sundevallii,4976,3801,19692,27707,244627,401348,420539,247,6471,66640,1670,135321,548,678959,145815,
Chironomus aprilinus,1182,638,381612,44408,376465,236293,240468,117788,216251,280632,131563,312229,178463,86224,712183,
Chironomus plumosus,2138,1469,372750,44997,120855,235154,380049,117575,63972,102742,30615,31325,56339,18563,616672,
Ciliata mustela,17678,1641,4252,4310,33492,381152,210802,310,44263,43706,738,1216,5304,694985,12653,
Ciona intestinalis,6949,5219,3010,19624,53,389462,105517,62,6471,43706,119,2080,4119,678095,2390,
Clathria toxitenuis,1,1,5706347,3919065,3747308,4865964,2899771,4872316,4736964,4625450,3553930,3392263,4840552,5449902,2582725,
Clausocalanus furcatus,7375,3422,2985531,1289130,1641073,1563096,445137,2094728,1920285,1923527,1181255,1004351,2033623,2181357,797602,
Clava multicornis,666,514,40399,148356,5222,348083,566949,659,59210,144867,1017,2218,9828,693251,800347,
Clavelina lepadiformis,12578,8619,407554,62464,214,561709,66104,5043,18864,144288,119,1961,8017,686541,3961,
Cletodes limicola,175,115,1013466,23403,362665,607663,573619,71001,114111,173052,159026,338580,9828,697471,1047550,
Cletodes tenuipes,237,166,948779,23403,362665,607663,940016,917,114111,66640,159026,338580,9828,697471,1087484,
Cliona celata,15853,10216,899934,43535,53,409584,5569,659,6471,65720,719,3058,8086,680786,8971,
Clione limacina,12184,6158,122171,99055,153763,557816,111033,20239,48565,41801,3750,42541,8017,685435,127199,
Clunio marinus,7,7,1402519,118265,335726,662451,859712,561291,401130,314443,293766,364620,516242,1123753,1162475,
Clytia gracilis,366,249,266689,67559,269739,403308,511770,10177,6471,138568,2729,168370,11156,539654,925525,
Clytia hemisphaerica,2091,1495,43054,11813,14689,409061,508713,772,15742,148260,1109,41941,9828,689458,44395,
Clytia languida,,,,,,,,,,,,,,,,ERROR while getting the occurence data
Clytia paulensis,77,58,1267903,102549,535045,1198048,757471,804938,848524,744905,39101,160524,833237,1477467,965036,
Clytia xiamenensis,,,,,,,,,,,,,,,,ERROR while getting the occurence data
Cordylophora caspia,1122,875,463972,52257,10666,352364,692877,24060,46898,176203,11158,194353,20845,949,978251,
Corella parallelogramma,4032,3169,61867,217249,53,383335,622252,130,6471,138568,1236,124002,4526,678095,870543,
Corophium arenarium,1210,459,471944,38097,195889,654856,133400,457520,299593,211505,1950,94884,412903,834214,620856,
Corymorpha nutans,1479,999,170367,13494,33481,417031,515416,773,49311,99108,826,41521,8017,685435,800347,
Cradoscrupocellaria reptans,1210,896,117312,92695,2555,551840,526960,6662,6471,133327,3327,129783,11553,683868,871088,
Crepidula fornicata,22226,14201,910470,3483,21117,419257,198453,659,6471,6768,218,3989,4453,677585,1373,
Cribrilina mutabilis,1,1,5413019,5320136,4454421,6149531,5273804,5531537,5598088,5494162,4905573,4977891,5570041,6117231,4893939,
Crisilla semistriata,999,744,179788,87373,3345,551840,32870,66998,6471,138568,1511,1425,7527,691075,78874,
Cryptosula pallasiana,1271,889,42317,45664,42249,499804,346856,479,53459,149258,119,4008,4908,685875,735399,
Ctenolabrus rupestris,23972,8647,4784,59087,214,328711,71081,63,21654,82947,719,1216,4119,670133,1459,
Cyanea capillata,11057,4518,12883,9849,7123,78006,492758,659,8054,38250,3769,59508,1174,4334,698994,
Cylindroporella tubulosa,116,53,16277,493857,646345,948506,1381217,326798,391099,321522,636682,806700,356501,803227,1607643,
Dexamine spinosa,1289,734,123299,103180,6069,428819,99970,3141,19234,136784,9154,2484,11558,697200,2390,
Dexamine thea,623,322,103287,116779,240515,666395,553744,22629,162756,228526,34188,67128,51630,715729,744649,
Diplocirrus glaucus,31417,11726,17994,23403,90312,381980,362269,613,6471,65160,1865,7451,547,678525,1373,
Diplosoma listerianum,2712,1977,115641,46432,2341,459927,201860,17198,97791,149258,119,53790,28657,693251,478972,
Dodecaceria concharum,2170,922,30774,103180,219146,557232,485691,5602,73235,66640,1950,176549,15029,685007,1373,
Dorypteryx domestica,176,120,274791,48157,906623,265785,634520,60842,68296,194967,491601,474701,28821,87280,1121665,
Dynamena pumila,4635,2916,13467,48580,2555,378340,350766,593,6471,116333,738,2020,9828,693251,737245,
Echinocardium cordatum,17293,10742,20259,3379,10566,381980,100229,474,6471,28246,1165,26415,547,680786,NA,
Echinus esculentus,25758,17493,4253,7977,214,401348,101634,92,6471,43706,858,3401,978,676868,5940,
Ectopleura dumortierii,57,31,1498722,100259,355505,694202,568782,557529,397507,310653,4174,41521,512527,1120737,800347,
Ectopleura larynx,1404,1024,3389,43535,43092,378340,132352,327,6471,138568,902,2830,8365,487425,423371,
Edwardsia longicornis,143,63,868105,581814,1251519,391203,1565419,2082,15742,88596,1076779,1169213,9828,697471,1945126,
Electra pilosa,13982,9131,13467,34210,2555,2358,109213,175,6471,28511,611,3401,9486,255840,44395,
Eleutheria dichotoma,56,22,905088,537019,336764,1026369,364159,366855,479339,436282,81819,2218,413137,1002317,729431,
Elysia viridis,1358,1036,10957,56294,3345,451192,290397,2369,6471,138568,843,1689,8017,685435,60632,
Embletonia pulchra,270,137,191292,98151,97168,551840,676101,479,6471,138568,55538,124002,56104,697432,873456,
Emplectonema gracile,110,85,299045,59013,350004,616101,774172,2264,132883,170640,101823,189920,10878,677582,907591,
Enchytraeus buchholzi CEI,,,,,,,,,,,,,,,,ERROR while getting the occurence data
Endeis spinosa,398,323,664139,45462,205373,498461,209160,72941,59355,175938,1518,9861,14032,704704,58458,
Enhydrosoma propinquum,154,85,948779,33064,203449,607663,940016,917,114111,209457,159026,338580,9828,697471,1030721,
Ensis arcuatus,3409,3062,181680,4310,11507,497322,325706,1344,6471,52374,181528,27534,11156,695220,2115,
Entomobrya albocincta,1400,750,597451,87373,35735,243529,240195,46107,56184,73610,43500,97330,65164,377984,691524,
Ericthonius punctatus,3979,3202,540954,68847,61099,517762,213614,29011,40646,166997,719,1269,38769,680365,678025,
Escharella immersa,1909,1102,16277,34210,167398,435613,529509,603,6471,138568,1613,129783,9668,693142,870729,
Escharoides coccinea,654,533,496889,120302,21210,696685,513841,163655,191445,149258,2086,129783,170072,860131,570249,
Eualus cranchii,2619,940,668363,9849,169870,498506,22660,639,49984,52374,1950,1247,9252,693590,46084,
Eualus gaimardii,1206,770,39266,437509,256013,316764,898161,2735,42199,169529,114027,295907,28997,674969,1059093,
Eualus occultus,927,303,500007,97441,244627,498762,22660,9587,59785,173018,2472,1247,16079,697612,46084,
Eualus pusiolus,1689,843,44290,32093,244294,498772,498648,639,32424,61043,95376,55079,11508,674969,46084,
Eubranchus doriae,2,2,839876,778753,1130642,890257,1792702,300399,333324,251203,1112488,1265103,318405,996881,2077370,
Eubranchus exiguus,461,332,127699,71487,40527,451221,544070,2439,6471,111597,95546,174875,8017,685828,878879,
Eubranchus rupium,267,211,317989,69212,933942,451229,1060610,2439,79846,111597,580444,648644,6805,691639,1421361,
Eucheilota maculata,139,66,321146,13494,592472,665233,695945,557529,397507,310653,105312,189055,512527,1112908,1001600,
Eudendrium capillare,264,189,463312,105237,256013,485721,447258,14147,39226,153929,891,4846,11281,694043,661858,
Eulalia viridis,5506,4457,121442,17710,11857,389462,203107,50,6471,65160,719,11913,8075,676635,2390,
Eumida maia,110,37,2153404,512527,456243,1604320,510961,1361317,1261762,1133929,876,182928,1342651,2020869,907591,
Eunice harassii,96,63,885660,405089,338187,834578,480808,347626,302690,180688,57978,29611,340476,1036503,1373,
Eunoe nodosa,1268,1061,105325,7977,255596,383335,731914,963,39226,52374,124661,184885,12409,689458,877696,
Euphausia recurva,269,238,5204634,3437244,3233601,4414365,2428870,4386503,4256581,4141876,3054775,2897412,4357027,4981122,2085216,
Eupolymnia nebulosa,4905,2674,30774,72173,293,463224,201860,247,34914,161885,1002,1269,9828,686126,1373,
Eusyllis blomstrandi,4635,3631,189060,23403,97522,503959,651407,6258,53782,66640,1778,140812,46980,697466,727442,
Evadne nordmanni,4986,1531,317439,11813,258004,186674,17923,525,24481,36529,1150,183449,7381,1664,394608,
Fabricia stellaris,1343,825,173997,27638,50331,245833,622854,72036,53577,168711,1950,158019,12105,11186,873290,
Facelina bostoniensis,1555,1225,3997,62464,84041,403412,201860,2224,18864,47143,990,89997,8321,676122,665727,
Favorinus branchialis,396,343,3994,390594,26147,543270,469314,5457,87309,66794,30716,85500,12526,702516,120625,
Flabelligera affinis,1330,961,30774,61722,6069,389838,133719,677,49748,166795,918,2484,9828,678095,621125,
Flabellina verrucosa,96,69,804909,453273,294832,555615,568814,69062,27444,155219,184043,13188,9783,702412,754085,
Galathea nexa,1599,944,4700,7977,32013,412825,464370,639,28860,43706,6727,6802,8289,684703,46084,
Galathea squamifera,7228,5391,108370,48616,3187,468281,22660,659,6471,138568,738,1425,8387,298067,2390,
Gammarellus angulosus,224,171,467597,100311,214515,405808,605713,2267,41208,168931,53894,80444,18747,696926,861520,
Gammarus locusta,1825,1350,113778,9846,43506,30495,99970,474,14167,52374,786,3804,11432,353,59292,
Gammarus oceanicus,3835,2452,11473,185819,293374,57732,771903,104267,14167,135636,47866,176549,67844,179,924752,
Gammarus salinus,4179,3586,483814,42194,29061,23060,279671,31745,59566,166795,8137,5468,24401,179,723438,
Gammarus zaddachi,4095,2484,34512,44408,4376,57732,325201,29251,22503,118211,35680,188115,8777,353,197228,
Gitana sarsi,380,216,380349,134307,244627,427065,443857,314059,148345,228319,1865,166207,252877,754363,721252,
Gobiusculus flavescens,5811,4451,3461,45145,53,244900,201860,310,44667,109332,719,1216,4119,394,5001,
Golfingia vulgaris,5107,3900,19671,23027,2555,408407,327664,46002,48479,148666,2161,1345,2079,696039,146542,
Goniada maculata,37102,13868,18639,23403,96117,378340,267072,735,6471,65160,1275,5449,547,673572,1373,
Goniodoris castanea,432,309,839866,56294,208688,516237,205590,38480,41466,162715,2231,29611,13352,700488,667812,
Gonionemus vertens,184,146,239644,51603,890663,439440,667657,7717,93262,151458,509401,556344,8377,682201,1152246,
Gonothyraea loveni,398,286,204182,62299,48201,380344,330813,1558,14167,138373,5767,41521,11118,179,718275,
Gyptis propinqua,3101,2785,301393,255581,252554,489382,213614,479,56782,173912,34109,2484,15022,693590,678025,
Halichondria bowerbanki,1992,1481,923647,46392,3737,629618,469675,25760,121763,202601,719,1723,19036,683084,329797,
Halichondria panicea,14562,9626,37847,15220,2555,251692,103446,247,6471,25125,719,1726,4119,679404,30055,
Haliclona cinerea,1368,1025,811898,46421,214,378340,480683,334227,169499,233303,5275,1726,273001,756193,712135,
Haliclystus tenuis,28,11,1512328,414396,1136277,719326,1423753,574240,417449,325466,898818,997822,530714,1144945,1784706,
Halisarca dujardinii,1169,869,141219,103180,47933,519238,494718,6585,110805,204772,1056,64487,11979,684108,715715,
Haloschizopera pygmaea,156,94,948779,246876,564810,607663,1186116,917,114111,173052,493351,640622,9828,697471,1452971,
Harmothoe clavigera,121,47,453488,114795,240515,1027339,775318,366218,481145,439424,92784,190954,413691,788196,908597,
Harmothoe imbricata,7359,5129,15468,27109,6069,376012,318388,247,15696,133327,1950,41791,7527,676635,717274,
Harmothoe impar,6800,4478,159252,48580,44426,379820,324503,961,32519,151640,719,5449,4814,678353,2390,
Harmothoe mariannae,283,212,30774,530297,305934,678954,1180583,29011,206841,250274,394682,578186,84769,680365,1320518,
Harpacticus flexus,141,90,1013466,33064,367718,607663,741739,71001,114111,209457,318047,501730,9828,697471,1224266,
Harpacticus pacificus,3,3,7787339,8750411,8021877,9104070,9143461,8446300,8594251,8551432,8523422,8662912,8504807,8711605,8894826,
Hediste diversicolor,24512,12672,29043,9849,4376,23060,99448,474,22503,76405,738,2148,554,292,39493,
Herdmania momus,599,382,2720602,913262,1478014,1619636,559849,1780187,1612023,1534019,977591,838989,1732196,2239369,1044829,
Hesiospina aurantiaca,667,324,169383,281723,5376,609718,443857,14265,105740,166431,27755,53184,17402,697466,717274,
Heteromastus filiformis,30707,12500,12081,12344,81628,246066,99448,474,19205,123446,918,5449,547,621095,NA,
Heteropsyllus curticaudatus,30,15,1422133,291723,927894,686986,1316689,514180,387627,268218,716017,835063,483225,1117665,1639775,
Hexaplex trunculus,2155,1182,1915323,123324,977563,1031410,120492,996574,846369,745552,539210,376105,956955,1563176,372961,
Hubrechtella dubia,46,27,439690,819254,1146534,473768,1828245,735,32532,161689,1154964,1311719,10310,682292,2122975,
Hydrobia ulvae,49642,3492,4680,24785,19737,56331,100020,427,49221,54871,114000,29611,9828,97835,196953,
Hydroides elegans,727,358,191382,297163,299969,1100829,498091,511645,616580,535207,1222,177930,571424,799023,925911,
Hypogastrura viatica,150,39,1275012,286906,607531,589733,1112155,326721,161852,103711,401511,553603,278110,905180,NA,
Idotea balthica,7293,6177,3403,9846,6069,127778,192971,593,14167,6498,1109,73,8180,149,29484,
Idotea granulosa,1904,1277,15468,48969,11722,185853,363218,2161,14167,55307,1055,28523,8180,191,729806,
Igernella notabilis,103,62,6286942,5764927,4915276,6742195,5443122,6198197,6224171,6103820,5284393,5306257,6224708,6852733,4991213,
Ischyrocerus anguipes,848,526,3972,281598,33460,435613,430178,8723,14167,66640,10108,54880,38333,697466,1373,
Ischyrocerus minutus,20,13,157594,1693904,1882159,1321721,2707130,801845,981117,1036284,1996580,2161854,858002,863955,2967789,
Jaera ischiosetosa,181,116,439646,56622,339773,87536,774336,17175,196795,234662,21142,179079,78412,350554,910111,
Jassa falcata,1908,1139,39507,19184,33460,408407,210802,17156,37273,165610,863,52349,16372,701457,1373,
Jassa herdmani,67,48,101275,12591,6069,694529,513071,559546,399381,312728,185596,6449,514488,1013960,60453,
Jassa slatteryi,472,84,2683270,835869,1143893,1787218,192332,1787246,1640717,1536736,672556,498629,1749922,2346974,4881,
Jujubinus striatus,448,322,319934,126885,309073,709326,63889,1050590,945395,830956,31153,1425,1046111,1111641,2115,
Kirchenpaueria pinnata,2998,2241,351683,80261,214,409584,568782,721,6471,138568,719,1032,4609,685531,253684,
Lacuna vincta,5476,4023,2135,24785,3345,380974,214751,427,6471,109216,988,8241,1409,428376,294109,
Lagenidium caudatum,,,,,,,,,,,,,,,,ERROR while getting the occurence data
Laomedea calceolifera,63,59,1521940,104241,386320,1199627,568782,869703,846067,718325,148678,41521,876420,1567826,800347,
Laomedea flexuosa,1116,935,15468,69538,15522,298201,511770,659,114111,166795,1123,41521,9828,57200,800347,
Laonice cirrata,5386,2739,27427,23403,204741,436584,324788,8559,6471,66640,72345,2484,4799,682226,1373,
Laophonte longicaudata,219,146,948779,23403,564810,607663,985709,917,114111,173052,491078,569137,9828,697471,1339940,
Lebbeus polaris,2410,1448,3010,517356,743219,587838,1507959,3211,99081,172405,803350,960876,11506,674969,1771488,
Leimia vaga,2,2,5109675,4953516,4086699,5799591,4896647,5189651,5250788,5144418,4533838,4603935,5226558,5788217,4517345,
Lepadogaster candolii,425,368,1443954,311834,4746,1038817,109808,963582,986357,871793,2091,1216,985950,1647182,5304,
Lepidonotus squamatus,7091,5346,4699,7977,6069,401348,290440,479,6471,113322,4853,46349,5397,673572,2390,
Leuckartiara octona,573,373,365415,13494,168601,405808,533864,621,6471,123446,4291,41521,11156,685975,661858,
Limacia clavigera,3258,2584,3243,81886,293,435873,65831,117,43698,115518,1041,26489,4990,685435,1043,
Limanda limanda,20055,5537,37847,3208,2877,19652,346690,757,9772,37939,934,1216,6504,250846,429347,
Limapontia senestra,189,170,317227,45146,41884,767969,676533,200402,210424,148728,30944,125869,203989,896246,871605,
Lineus bilineatus,48,44,923502,134648,246213,583862,895292,247,82207,189613,283741,460458,7313,679961,1198947,
Liocarcinus navigator,1818,909,2350,6305,3187,468173,22660,479,6471,52374,9365,1418,8086,674969,1373,
Liparis montagui,409,381,2350,25666,43607,387693,343221,277,57704,43706,1558,1216,10906,696880,643787,
Littorina littorea,25729,15349,976,43535,2555,300039,100020,593,14167,6295,670,1425,4729,893,762,
Lizzia blondina,154,84,908374,13494,419215,417031,599435,225564,49373,105954,3835,1032,171052,741829,806712,
Lumbricillus lineatus,489,345,28127,50882,41142,4860,100790,1486,41041,14694,173357,1238,12307,18091,36635,
Lysilla loveni,4444,3684,19692,23403,215205,406450,765140,2206,42062,151385,45940,172684,547,681421,977698,
Macrochaeta clavicornis,1706,927,30774,210325,203785,489382,443836,4322,57595,150168,67061,109282,1409,684410,2390,
Magelona johnstoni,6264,4734,1002616,9593,240515,504919,115291,55337,56399,166795,2086,165535,12244,705546,602555,
Magelona mirabilis,3332,1813,932013,11807,80265,405808,115437,8729,35634,152774,1511,7453,68669,703556,1373,
Malmgrenia lunulata,4308,3719,730142,18310,213725,472826,322584,621,6471,138568,30851,7451,548,681885,1373,
Marthasterias glacialis,18137,11833,121775,24346,53,409584,5293,62,6471,93993,738,2054,4119,413815,1373,
Mediomastus fragilis,17020,9062,19085,17790,240515,405808,115437,10498,58291,150145,1613,2484,71453,678959,1373,
Melinna palmata,7351,2782,890614,76019,32604,737883,209094,73277,248697,298866,983,5468,134268,716261,1373,
Membranipora membranacea,9727,7669,2350,28524,293,280824,317922,593,6471,109992,119,2054,9561,452934,18261,
Mesochra pygmaea,116,91,811624,33064,352912,607663,944523,1280,114111,209457,165659,343697,9828,696844,1087441,
Metridium dianthus,8625,6139,412910,62925,2874,401965,621637,32509,29747,140953,719,123977,11082,669195,867432,
Microdeutopus gryllotalpa,1072,440,844985,33790,48201,348083,133644,2735,22503,136384,66096,152206,31215,683529,621071,
Microporella ciliata,1870,921,16277,37557,167398,525866,247418,7642,35798,149258,2272,129783,16365,701801,518409,
Microprotopus maculatus,1476,889,527855,12393,181921,473768,372228,129631,52685,166795,8594,1269,68975,708365,728385,
Micrura fasciolata,68,61,584279,236663,310553,383335,494960,153,6471,138568,100939,192118,7313,682680,39074,
Ministeria vibrans,95,52,805601,309043,511871,713142,770128,266218,280043,195914,16491,167820,275957,893190,676864,
Mitrocomella polydiademata,144,131,412535,593539,442324,562272,1468401,70361,48946,170202,682210,866102,11464,703639,1599019,
Modiolula phaseolina,3875,2589,4680,7977,4376,416564,214751,639,6471,134741,4928,53184,9786,554433,4058,
Modiolus barbatus,951,655,885660,7977,2555,735536,101759,347626,270083,137917,7657,33257,335455,1024334,1373,
Monocorophium acherusicum,4314,3495,1085625,17305,6069,671696,99448,458205,304298,209858,1558,65918,415229,1045237,139345,
Monocorophium insidiosum,1560,713,564666,45919,29061,348083,99448,479,48929,152840,3864,184161,12105,676288,139345,
Musculus costulatus,369,282,1054778,104423,3345,1053853,179703,706123,784810,678676,21259,53184,747049,1336125,26602,
Musculus subpictus,5628,4541,278728,56294,2555,441138,214751,479,6471,95750,819,4715,5397,677503,294109,
Myrianida brachycephala,81,62,892959,128729,345761,607148,485691,27288,109210,204086,63761,54880,14161,694700,2390,
Myrianida edwarsi,92,79,468163,52570,299969,498397,443921,479,40389,170691,1950,155918,14161,694700,2390,
Myrianida hesperidium,1,1,2843641,1023929,1534155,1748305,511183,1905552,1738553,1658432,1039484,886728,1858236,2368963,981819,
Myrianida inermis,74,51,903281,477862,301260,1025171,753635,366216,477632,433769,3356,155918,412223,1002470,876076,
Myrianida langerhansi,81,76,1018104,102779,369901,607119,746963,74323,109423,204356,33275,155918,13960,701674,957303,
Myrianida longoprimicirrata,,,,,,,,,,,,,,,,ERROR while getting the occurence data
Myrianida prolifera,715,439,405372,22711,295663,410201,443836,56097,40389,155148,31252,52349,14161,698879,2390,
Myrianida rubropunctata,9,9,1702699,286467,333088,1207242,485691,892146,802151,671497,103207,54880,875842,1561961,2390,
Mytilus edulis,66763,34223,1464,3208,2555,14956,25562,593,13929,6769,670,1979,547,57480,41310,
Nais elinguis,3702,2827,28127,44984,40398,19384,4458,2743,63042,16486,30526,177761,11581,184,62639,
Nannonyx goesii,2881,2643,1397717,372177,244627,671696,767567,458205,304298,209858,65852,173457,415229,1045237,918503,
Nassarius incrassatus,394,173,231021,70084,380732,483922,415200,25222,54691,177383,31788,130093,548,695565,716951,
Nassarius nitidus,1369,279,289746,62455,930477,393163,431950,32914,42334,171173,566893,630510,11857,680052,396628,
Nephtys hombergii,30135,10590,19085,12718,11507,323421,99448,621,6471,65160,983,1345,548,680365,2390,
Nephtys kersivalensis,5704,2394,84182,10527,242125,409068,280375,3667,43460,166795,1234,2484,640,684771,691472,
Nereimyra punctata,4486,2802,19085,23403,108017,378340,402801,247,15742,144288,1950,1269,5397,675667,696264,
Nereis pelagica,2821,1947,8165,9849,11722,243511,511879,479,6471,52374,719,55572,8506,507475,55651,
Nicolea zostericola,855,451,30774,81886,58961,378340,680099,5043,18864,144288,719,128838,12409,693109,873467,
Nitokra spinipes,63,60,116777,69794,489367,657201,907186,1280,180580,251930,145345,315147,61183,2953,1115769,
Normanella mucronata,121,87,949138,23403,658346,607663,1013740,1280,114111,209457,491078,571177,9828,696844,1358979,
Normanella obscura,10,6,1429441,394083,1010238,688347,1421261,516181,387627,268218,824316,945215,483401,1124159,1749598,
Nucula sulcata,3336,1578,16074,79156,72247,394727,415564,556,6471,94457,1011,98291,548,664917,110273,
Obelia bidentata,487,404,1285039,12393,364404,652547,451479,415485,288323,166795,71609,102045,381978,1033456,728678,
Obelia dichotoma,2258,1504,317989,55834,14689,424210,332722,1184,29573,158844,719,11161,4515,690430,488107,
Obelia geniculata,7319,5644,3993,79142,7767,348083,103493,659,14167,58630,738,3401,10352,670271,44395,
Obelia longissima,1403,1091,365415,51657,40686,401348,107539,621,29573,149258,12417,8531,11156,693251,594160,
Ocinebrina aciculata,414,346,1311504,67170,295851,1020657,63889,778341,788273,662284,59418,1425,800886,1463649,9105,
Octobranchus lingulatus,18,10,2368550,638469,662738,1520756,510648,1550837,1437587,1314386,224485,53320,1527244,2162450,759160,
Oerstedia dorsalis,478,254,308158,100308,299969,583862,601513,299,82207,189613,1222,2484,6449,678070,766293,
Oithona similis,96037,55695,310598,NA,347911,186674,NA,66622,24481,NA,1150,183449,NA,318830,NA,
Omalosecosa ramulosa,1262,954,189404,134327,12903,516934,108549,32527,112040,202254,2074,5528,8506,235949,595546,
Onchidoris bilamellata,2021,1589,4738,49703,35980,486814,588363,20239,6471,122028,3579,131651,14655,677566,875067,
Onchidoris muricata,7382,3978,3243,111016,85234,406776,443857,3141,6471,66862,1587,53184,6780,691658,721252,
Onoba semicostata,3684,2325,6126,46603,3345,454595,97076,2344,6471,116126,918,1269,3979,554433,2390,
Opercularella lacerata,240,223,419315,58984,17978,408824,682509,75921,57309,166795,32282,170289,14885,699104,918709,
Ophiocomina nigra,7133,4587,4652,137579,2681,383823,106010,479,6471,138568,983,5471,11156,680786,6553,
Ophiopholis aculeata,8869,6793,4252,7977,28983,383335,480489,479,6471,43706,1109,124382,5192,678247,733251,
Ophiothrix fragilis,14910,10237,4700,7977,2341,304019,33245,621,6471,43706,716,1476,7264,650797,1373,
Ophiura grubei,28,22,3188947,1341523,1670631,1978586,464316,2265475,2105076,2015287,1218222,1039292,2221716,2522833,781437,
Ophlitaspongia papilla,758,512,1141177,131321,2555,1216556,512736,756381,795539,663060,806,3193,792802,1404074,59782,
Ophryotrocha hartmanni,1793,360,120535,285039,345015,954280,785093,370041,410713,298909,1950,183007,416680,885586,772245,
Ophryotrocha puerilis,136,80,350416,354080,292224,1027339,767073,366856,481145,439424,1628,183725,413697,834306,726541,
Orchomene humilis,3313,2817,105731,82698,179660,667901,443836,3249,167789,209858,1865,1345,55460,700189,709899,
Oscarella balibaloi,18,16,2679803,913355,1481762,1477564,566563,1730353,1554302,1494843,981168,843297,1677316,2120191,765040,
Oscarella viridis,24,21,2679803,913355,1475379,1477564,528455,1730353,1554302,1494843,975581,834597,1677316,2120191,990405,
Oxydromus pallidus,386,177,849355,83838,244627,782738,133700,224178,226267,150856,8621,54019,226945,919891,621119,
Palaemon elegans,3923,2394,450094,43420,6069,86555,5334,760,41501,71797,786,1746,7596,425,1279,
Pandalina brevirostris,1958,1048,119960,9846,244627,383335,151976,621,6471,52374,66321,1418,12336,674969,46084,
Paracalanus parvus,12161,3608,412162,10868,355505,186674,17923,41377,24481,105954,1150,54433,7381,335577,375510,
Paracaprella pusilla,107,59,4240021,3362549,4203830,2871838,3413296,3528516,3383328,3433705,3731396,3652684,3470256,3321065,3859654,
Paracentrotus lividus,4263,1941,890562,118256,3345,738851,5287,74012,249133,298803,1547,2067,134952,717298,1373,
Parachironomus gracilior,233,160,356863,168590,373410,293678,891111,380109,264803,374102,148905,329418,323692,18563,1082784,
Paradoneis lyra,18580,6872,21098,62707,244627,378340,100131,2383,51311,66640,1613,2484,7527,688857,1373,
Parajassa pelagica,235,155,97739,223628,214515,479842,513093,22622,40803,155172,31530,123545,11558,699244,55971,
Paranais litoralis,1037,648,28147,46810,234003,5685,9128,1486,85346,16486,32672,1238,11581,184,62639,
Patella aspera,217,174,1393862,227568,198262,1046690,377929,861654,878710,763027,31788,96739,881757,1550072,44395,
Pectinaria koreni,7033,5355,19085,9846,715804,323421,210802,677,6471,114089,224681,217494,547,677641,198464,
Pedicellina cernua,254,194,321146,335838,253667,1149324,768486,524997,701289,654217,21388,174532,586116,877421,870352,
Penilia avirostris,5195,2406,840780,33331,285726,473768,18728,6021,47161,39810,87179,72756,7381,690870,57592,
Perforatus perforatus,2938,1721,1283158,59619,21117,838334,210802,684652,538358,433648,611,1689,645978,1274357,1510,
Peringia ulvae,68507,12621,4680,24785,3345,8369,33840,427,22541,6940,2004,29611,9828,183,25890,
Perophora japonica,390,255,1608191,58238,244054,1023309,470267,869804,769846,645500,756,64675,858560,1506507,745579,
Phallusia mammilata,,,,,,,,,,,,,,,,ERROR while getting the occurence data
Phallusia mammillata,1956,1109,1531451,110185,43755,1073381,205590,869804,794191,661937,1711,2189,858571,1550872,2390,
Phialella quadrata,543,332,943244,13494,240515,540320,290338,947,58973,178600,1109,4237,36869,649140,717833,
Philactinoposthia ischiae,6,1,2951380,1486280,2259074,1567762,1432499,2028615,1849514,1833420,1766704,1668655,1968650,2221947,1901342,
Philine aperta,4841,3316,894966,73151,209912,378340,210802,2400,6471,109470,3690,28942,547,673572,144984,
Pholoe inornata,18877,9082,4050,42301,29174,378340,279044,3534,51311,28666,902,2484,4799,682226,2390,
Phoronis muelleri,14110,5892,30319,81420,291276,378340,447294,3149,26984,157806,31253,5468,548,677406,718667,
Phtisica marina,7736,5204,30774,22096,159279,383335,99448,6590,29573,151640,918,2484,10312,683868,1373,
Phyllodoce laminosa,528,341,175468,23403,18565,525586,100131,444652,299241,230269,735,2484,422583,834417,2390,
Pilumnus hirtellus,3644,2361,486345,5965,13185,316764,22660,22714,99492,43706,738,1269,9699,686613,1373,
Pisidia longicornis,12943,8277,471889,4180,11722,459368,22660,639,6471,38928,689,1156,9511,603718,1373,
Pista cristata,7901,4089,20958,23403,227922,381980,324788,621,6471,66640,1234,1269,4799,662486,1373,
Platynereis dumerilii,3279,1685,37892,51657,6069,378340,99884,247,6471,115030,918,2484,8087,690430,1373,
Pleopis polyphemoides,2614,583,382988,60658,928102,186674,432719,28166,49373,105954,561061,623184,7381,1664,779073,
Pleurobranchus membranaceus,493,377,486091,23403,53,610631,494545,29224,113042,199994,1597,53184,10352,679764,574985,
Plumularia setacea,3219,2322,898895,64579,2555,503959,NA,1477,39226,170142,716,1032,32823,699475,144434,
Polititapes aureus,1149,807,472219,57705,3345,509786,28342,310,35898,149070,50135,5478,3979,686400,762,
Polycera capitata,15,12,457848,511727,506550,931375,469310,310238,374059,306434,4928,90760,339329,838945,120620,
Polycera quadrilineata,3486,2790,3955,59705,10831,382077,87965,3141,6471,47122,840,1319,6779,685435,3939,
Polycirrus norvegicus,4825,2370,17864,141828,250204,449262,747395,9067,53063,154666,31252,152850,65316,693590,869356,
Polydora cornuta,5793,3892,840048,20007,181698,270810,100454,29079,29573,158844,4165,169914,30062,691856,586420,
Polygordius appendiculatus,3288,2970,442559,12145,296431,520245,332722,189733,41344,166795,92570,10376,128870,725955,675468,
Pomatoceros triqueter,1170,597,471745,18715,214,417360,210802,7425,6471,10573,81041,52349,35007,673572,1373,
Pomatoschistus microps,13370,2308,469452,9849,2869,21798,122732,2369,52938,19547,877,1216,8111,394,36282,
Praunus inermis,377,310,77663,25331,247235,257754,510465,5043,35281,136784,98777,6449,51625,394,720023,
Protodrilus ciliatus,7,4,1171818,505841,362591,1495750,603403,1044193,1066046,933557,183083,1596,1089018,1633343,812619,
Psamathe fusca,3881,2089,38134,28169,15902,466228,346856,247,93634,150856,1587,2484,7005,691170,1373,
Psammechinus miliaris,10899,7995,6098,3208,2877,407330,104430,52411,6471,13073,728,2054,5397,684365,2390,
Pseudocalanus acuspes,1534,313,1061416,798619,1236110,767097,1824221,190378,209447,155430,1178485,1321030,196400,887070,2132840,
Pseudocalanus elongatus,32133,26343,317439,10868,79766,186674,17923,41377,13874,40166,1150,14378,63484,1664,30421,
Pseudopotamilla reniformis,1626,1075,30774,68078,261871,389462,416144,2082,36610,157469,1950,11161,59170,689458,604919,
Psylla buxi,1733,1471,748918,53933,371511,227066,227513,119788,57386,183569,126741,306103,75945,292553,704609,
Pterocirrus macroceros,490,229,455443,198176,92154,1102822,435514,509266,589354,514806,1121,53184,546985,1137996,678833,
Pusillina inconspicua,1207,973,14405,57554,3345,428819,32870,8415,41722,145814,2253,54880,10324,554433,2390,
Pusillina sarsii,702,523,30116,212697,3345,278273,468614,2703,48929,54871,2253,100934,8108,541457,707554,
Pythium chondricola,,,,,,,,,,,,,,,,ERROR while getting the occurence data
Radix balthica,23849,13355,35367,44408,8386,242460,94436,12969,61694,59645,147968,100384,18128,292,562070,
Raphitoma concinna,180,147,466908,281987,297700,607119,42617,427,109423,204356,576681,599995,9828,677627,530336,
Raspailia ramosa,4181,2910,1393338,43712,53,1064231,336887,870700,783415,659158,719,3058,867365,1539948,22984,
Rhabdodemania major,,,,,,,,,,,,,,,,ERROR while getting the occurence data
Rhachotropis inflata,202,146,133878,1439841,1091870,1248524,2228549,647987,826686,857574,1442733,1626207,708502,910985,2321933,
Rhizothrix curvata,60,33,944956,23403,713955,607663,932222,6504,114111,209457,383577,470989,9828,697471,1269327,
Rhizothrix minuta,24,13,810761,43585,353538,668261,940016,1280,180580,251930,159026,338580,61183,696844,1087484,
Rhyssoplax olivacea,472,295,1593063,371815,438023,1048117,137021,1023665,1015510,890562,224681,219412,1036185,1707934,395886,
Rissoa lilacina,567,466,110716,115331,3345,575527,63889,5943,44997,109280,2253,1345,9786,554433,1373,
Rissoa parva,9210,6329,15371,44361,2555,468209,32870,593,54503,147942,1511,1425,1409,428376,2115,
Ruditapes decussatus,1532,1039,189176,41605,3992,606284,26830,14076,111900,207806,1950,1425,12008,686400,1334,
Sabellaria spinulosa,7851,3975,902162,23403,45357,547055,124471,2082,56344,183705,716,6171,22640,686126,612107,
Sagartia troglodytes,,,,,,,,,,,,,,,,ERROR while getting the occurence data
Sarcophaga crassipalpis,117,56,2547001,1051383,1352689,1149311,519877,1639992,1463627,1462294,1078634,914572,1579157,1802174,119419,
Sarsia lovenii,33,23,209802,437599,316451,591799,1137426,71001,112450,180091,351323,535039,9828,697471,1283715,
Sarsia tubulosa,416,260,155203,12974,317178,417031,568782,650,52707,163800,83944,41521,8996,687838,800347,
Schistomysis kervillei,4070,3159,1229349,11813,283642,665370,237828,415485,288323,166795,160228,217282,381978,1045237,576904,
Schizoporella japonica,286,200,563931,418169,307005,741149,785649,109159,192215,155303,119,183479,134309,806801,970896,
Scopalina ceutensis,,,,,,,,,,,,,,,,ERROR while getting the occurence data
Scruparia ambigua,234,171,308351,92695,170398,529660,740607,37868,39944,166480,37441,157880,29531,710520,908597,
Scrupocellaria scruposa,2049,1375,401861,63703,46431,478722,528144,603,19234,76346,719,144031,8506,683868,638934,
Scyliorhinus canicula,21578,11272,115640,7977,421,294002,101634,30396,43619,26724,758,1216,10524,368979,1286,
Sirsoe methanicola,20,13,7741062,7727908,6860428,8560719,7603269,7934850,8007337,7905568,7299597,7360134,7975250,8498196,7186022,
Sparus aurata,2797,1076,1281791,22701,22294,483625,101634,337773,157749,184692,70319,1746,279329,832865,9948,
Spatangus purpureus,1992,1508,19671,4310,24654,455608,375347,479,6471,43706,27755,8531,11510,691273,2390,
Spio decorata,5112,1896,103287,111738,95726,665370,100131,48450,225107,166795,1670,5468,109476,709497,1373,
Spio symphyta,4243,1805,443796,86240,60441,674158,115291,474839,328823,224029,1613,80444,435100,843825,602555,
Spiralinella spiralis,709,604,13830,46050,3345,551840,33840,70251,6471,64981,2253,104298,9786,554433,34793,
Spirontocaris phippsi,,,,,,,,,,,,,,,,ERROR while getting the occurence data
Spisula subtruncata,11760,6820,13971,3951,11507,78337,99448,827,6471,17050,2086,7451,547,554433,12996,
Sprattus sprattus,14478,4268,375859,3346,46501,19652,210802,4550,29871,37939,4947,1216,11908,390,110707,
Squalus acanthias,100000,31822,38915,49372,NA,445633,NA,9418,32470,107484,46938,190365,11289,687243,NA,
Squalus blainville,336,269,2658214,947603,1604283,1282336,NA,1708649,1532278,1473940,1139304,1029209,1655364,1921387,NA,
Stenothoe monoculoides,3676,3107,97739,23403,6069,520131,501160,5334,47927,173052,1222,93673,14105,682226,718239,
Steromphala cineraria,20827,14115,3404,7977,2341,435280,63889,639,6471,25125,660,1269,4453,428376,762,
Sthenelais boa,6385,4429,30774,12718,97522,507968,308416,11533,56650,173696,918,1413,32823,699511,1373,
Stomphia coccinea,541,484,310331,288401,291737,396454,724797,8255,29573,47290,470,184269,13008,693918,971636,
Streblospio benedicti,2395,1199,1067363,27780,804226,23060,319906,131128,56962,189478,318577,237155,69887,501988,730712,
Streptosyllis websteri,4250,3574,941758,10269,249449,272842,322558,192956,47755,156411,2439,96128,131717,710690,732222,
Strongylacidon bermudae,,,,,,,,,,,,,,,,ERROR while getting the occurence data
Strongylocentrotus droebachiensis,8533,7251,1464,7977,294747,383823,785539,639,6471,43706,1950,183285,5409,674969,969740,
Subadyte pellucida,360,252,1101615,60359,240515,1100486,443857,728073,662363,530328,1587,2484,729859,1371446,646731,
Syllidia armata,2479,1460,30774,16543,97522,496809,324503,4322,55474,170343,918,2484,1409,676635,1373,
Syllis armillaris,2831,1814,27528,12718,92154,410201,435514,621,6471,133327,1950,11161,17160,683695,714699,
Tachidiella minuta,270,153,1013466,23403,363148,607663,851725,71001,114111,173052,202644,295546,9828,697471,928749,
Tachidius discipes,604,150,377626,23403,362665,391113,907186,2459,170566,214184,145345,315147,60583,640939,1087484,
Tanytarsus usmaensis,619,404,323300,79950,373410,103833,891111,102612,265918,337417,149217,318123,163295,18563,1083699,
Telmatogeton japonicus,119,86,900037,44925,439785,253582,946630,45948,117799,212975,356809,536054,7007,201577,1310184,
Temora longicornis,95419,45486,77560,10868,100217,119594,17923,719,15247,6763,1150,17169,7381,394,32544,
Terebella lapidaria,73,64,1999597,363168,453362,1439455,564381,1201979,1104708,976095,1025,52349,1183884,1864422,517097,
Terebellides stroemii,34274,10738,17641,23403,215753,106196,271677,247,6471,127006,1865,1269,547,281288,1373,
Tergipes tergipes,409,314,127699,51657,50607,509247,544073,1011,116539,111597,2931,163965,13310,697415,867951,
Tetrastemma flavidum,7,7,317719,534493,354924,600556,777244,73530,117890,218169,33275,188105,15022,686836,910827,
Tetrastemma robertianae,96,41,945036,396250,299969,600556,803556,6258,113778,207431,118027,229883,9571,686836,1042215,
Thalestris longimana,27,19,791696,438479,342242,607663,941056,2459,114111,209457,158341,339202,9828,695721,1087324,
Thoralus cranchii,292,159,950128,9849,343722,498506,112520,19956,60043,52374,176431,1418,11508,699195,417161,
Torquigener flavimaculosus,90,86,3415717,2249271,3068000,1980949,2262379,2579783,2414123,2436518,2586061,2499742,2518754,2558163,2718997,
Tricellaria inopinata,388,249,563931,45558,287812,944492,201860,505916,657271,548332,119,59239,567145,900707,665727,
Tricellaria ternata,365,205,8165,453290,338189,607384,764510,72455,112040,100334,162619,209287,11553,699287,867110,
Tricolia pullus,2627,2046,1230537,51124,3345,859019,16386,698539,554701,447714,819,1269,660926,1293096,2115,
Trinchesia foliata,125,86,40399,59705,169747,647007,521020,37892,142806,216574,41308,59242,31601,712642,813834,
Trisopterus minutus,7950,5809,4774,3653,214,275157,87904,130,17990,43706,820,3401,4524,674969,16830,
Tubularia indivisa,7356,4974,3989,13494,22969,401348,201860,62,6471,138568,719,9177,8017,683084,179694,
Verruca stroemia,4241,2789,20916,43535,2555,383335,361805,479,6471,123446,716,9557,17672,686126,709959,
Watersipora subtorquata,757,534,2281719,495324,725714,1572885,589670,1433063,1308985,1190181,228641,110800,1404963,2054298,865006,
Zygomolgus dentatus,5,1,7144008,8816103,9172218,7842724,9817982,7877996,7997839,8116900,9234426,9375806,7902716,7265839,10183667,
